ticket_id,created_date,resolved_date,category,priority,agent,satisfaction,first_response_minutes
HD-0001,2026-08-21 03:01,2026-08-24 19:15,Email / Outlook,Low,J. Chen,2,188.6
HD-0002,2026-06-05 00:05,2026-06-07 22:52,Software Install,Low,L. Tremblay,4,50.2
HD-0003,2026-07-28 18:17,2026-07-29 01:23,Password Reset,High,J. Chen,,34.4
HD-0004,2026-07-19 03:22,2026-07-21 02:17,Printer,Medium,A. Sharma,,93.0
HD-0005,2026-07-08 20:39,2026-07-10 11:34,Printer,Medium,D. Kim,2,27.0
HD-0006,2026-06-13 12:17,2026-06-14 23:05,Phishing / Malware,Medium,M. Okafor,3,36.3
HD-0007,2026-06-22 17:46,2026-06-25 19:18,Software Install,Low,S. Patel,3,97.6
HD-0008,2026-06-08 07:52,2026-06-09 06:43,Password Reset,High,S. Patel,4,19.4
HD-0009,2026-08-03 12:56,2026-08-05 07:51,Phishing / Malware,Low,J. Chen,4,93.1
HD-0010,2026-08-14 12:23,2026-08-14 13:37,Software Install,Critical,J. Chen,4,8.6
HD-0011,2026-06-21 21:27,2026-06-23 20:17,VPN / Network,Medium,L. Tremblay,2,119.6
HD-0012,2026-06-15 21:56,2026-06-16 11:00,Email / Outlook,High,M. Okafor,4,13.9
HD-0013,2026-06-23 16:58,2026-06-24 00:56,VPN / Network,High,M. Okafor,5,39.5
HD-0014,2026-08-09 16:58,2026-08-11 12:06,Password Reset,Medium,S. Patel,3,21.9
HD-0015,2026-07-01 18:05,2026-07-02 00:35,VPN / Network,High,A. Sharma,5,44.2
HD-0016,2026-06-22 08:33,2026-06-22 14:56,Access Request,Critical,L. Tremblay,5,11.8
HD-0017,2026-08-23 11:28,,Phishing / Malware,Low,J. Chen,,57.5
HD-0018,2026-08-10 07:37,2026-08-14 00:48,Software Install,Low,D. Kim,,168.1
HD-0019,2026-07-01 08:42,2026-07-04 02:11,Phishing / Malware,Low,J. Chen,3,186.1
HD-0020,2026-07-23 06:06,2026-07-24 19:15,VPN / Network,Medium,M. Okafor,,62.4
HD-0021,2026-07-14 03:15,2026-07-16 12:33,Software Install,Low,S. Patel,2,72.3
HD-0022,2026-08-10 03:03,2026-08-10 05:07,Password Reset,Critical,J. Chen,5,4.2
HD-0023,2026-06-22 12:00,2026-06-26 23:14,Access Request,Low,S. Patel,4,100.6
HD-0024,2026-08-02 04:12,2026-08-05 10:03,Email / Outlook,Low,A. Sharma,,157.9
HD-0025,2026-08-01 16:58,2026-08-05 14:32,Hardware,Low,L. Tremblay,3,60.6
HD-0026,2026-08-12 07:37,2026-08-13 04:16,Password Reset,Medium,S. Patel,4,85.7
HD-0027,2026-07-11 07:16,2026-07-15 20:39,Access Request,Low,D. Kim,,103.5
HD-0028,2026-08-19 18:06,2026-08-21 13:20,VPN / Network,Medium,L. Tremblay,3,46.5
HD-0029,2026-06-21 14:53,2026-06-22 21:04,Email / Outlook,Medium,D. Kim,3,72.9
HD-0030,2026-06-18 08:07,2026-06-19 02:28,VPN / Network,High,J. Chen,4,19.5
HD-0031,2026-07-04 16:31,2026-07-05 02:03,Email / Outlook,High,A. Sharma,4,13.2
HD-0032,2026-06-17 20:16,2026-06-18 04:59,Hardware,High,L. Tremblay,5,34.7
HD-0033,2026-07-18 18:35,2026-07-21 02:21,Hardware,Medium,A. Sharma,2,50.8
HD-0034,2026-06-27 21:15,2026-06-29 06:04,VPN / Network,Medium,L. Tremblay,4,108.4
HD-0035,2026-07-01 05:51,2026-07-02 09:21,Hardware,High,A. Sharma,4,16.3
HD-0036,2026-07-02 08:10,2026-07-04 00:49,VPN / Network,Medium,A. Sharma,3,105.9
HD-0037,2026-06-30 07:01,2026-07-01 02:10,Software Install,Medium,M. Okafor,5,106.4
HD-0038,2026-08-08 10:01,2026-08-08 19:19,VPN / Network,High,M. Okafor,4,16.2
HD-0039,2026-07-15 23:50,2026-07-16 15:26,Printer,Medium,L. Tremblay,3,31.6
HD-0040,2026-06-01 16:59,2026-06-03 01:54,Software Install,Medium,A. Sharma,3,114.9
HD-0041,2026-07-09 16:19,2026-07-12 20:17,Access Request,Low,D. Kim,3,102.7
HD-0042,2026-06-23 19:36,2026-06-25 11:01,Email / Outlook,Medium,A. Sharma,4,50.4
HD-0043,2026-07-30 14:28,2026-07-31 19:05,Software Install,Medium,D. Kim,5,37.0
HD-0044,2026-07-01 21:19,2026-07-02 10:49,Software Install,High,J. Chen,3,10.9
HD-0045,2026-08-20 18:12,2026-08-23 07:23,Access Request,Medium,J. Chen,2,34.8
HD-0046,2026-06-29 05:51,2026-06-30 15:27,Phishing / Malware,Low,J. Chen,4,223.9
HD-0047,2026-08-11 19:20,2026-08-13 15:36,Phishing / Malware,Medium,D. Kim,3,109.2
HD-0048,2026-07-31 14:16,2026-08-01 06:48,Software Install,High,M. Okafor,4,36.8
HD-0049,2026-07-07 07:17,2026-07-09 10:51,Printer,Low,L. Tremblay,3,60.7
HD-0050,2026-06-09 13:26,2026-06-10 13:00,Printer,Medium,S. Patel,5,26.2
HD-0051,2026-06-03 18:24,2026-06-07 10:35,Phishing / Malware,Low,M. Okafor,3,103.2
HD-0052,2026-08-09 19:57,,Software Install,Medium,M. Okafor,,63.6
HD-0053,2026-07-14 21:43,2026-07-15 18:16,Access Request,High,S. Patel,4,42.2
HD-0054,2026-06-04 02:41,2026-06-06 21:16,Access Request,Low,S. Patel,3,80.4
HD-0055,2026-07-19 08:48,2026-07-20 23:39,Access Request,Low,A. Sharma,3,136.7
HD-0056,2026-06-09 20:02,2026-06-09 22:13,Password Reset,Critical,J. Chen,5,12.9
HD-0057,2026-08-12 06:29,2026-08-13 00:51,Email / Outlook,High,J. Chen,4,31.2
HD-0058,2026-06-14 18:01,2026-06-15 05:03,Email / Outlook,Medium,S. Patel,,59.7
HD-0059,2026-07-09 21:38,2026-07-10 10:12,VPN / Network,High,L. Tremblay,,37.4
HD-0060,2026-08-22 10:00,2026-08-23 16:33,Access Request,High,A. Sharma,4,25.2
HD-0061,2026-07-26 05:46,2026-07-27 22:47,Email / Outlook,Medium,L. Tremblay,4,97.5
HD-0062,2026-07-02 02:17,2026-07-04 02:30,Phishing / Malware,Low,S. Patel,3,156.1
HD-0063,2026-06-24 15:13,2026-06-25 12:49,Printer,High,M. Okafor,,19.8
HD-0064,2026-06-25 02:15,2026-06-26 16:56,Access Request,Medium,J. Chen,,89.1
HD-0065,2026-06-29 12:44,2026-07-01 13:29,Software Install,Low,L. Tremblay,4,117.0
HD-0066,2026-07-29 08:19,2026-07-31 22:53,Email / Outlook,Low,D. Kim,3,82.6
HD-0067,2026-08-01 08:46,2026-08-01 11:16,Email / Outlook,Critical,J. Chen,5,5.9
HD-0068,2026-06-06 01:35,2026-06-06 13:41,Email / Outlook,Medium,J. Chen,3,83.8
HD-0069,2026-07-31 15:28,2026-08-01 23:40,Printer,Low,A. Sharma,3,94.2
HD-0070,2026-06-10 18:40,2026-06-12 12:32,Password Reset,Low,L. Tremblay,4,230.1
HD-0071,2026-08-17 19:50,2026-08-18 17:02,Software Install,High,S. Patel,4,25.8
HD-0072,2026-08-19 01:39,2026-08-19 03:03,VPN / Network,Critical,J. Chen,5,10.1
HD-0073,2026-06-10 05:00,,Access Request,Medium,L. Tremblay,,67.0
HD-0074,2026-07-07 22:18,2026-07-10 19:18,Phishing / Malware,Low,J. Chen,3,225.2
HD-0075,2026-08-09 07:41,2026-08-09 21:53,Hardware,High,J. Chen,5,12.5
HD-0076,2026-07-27 03:29,2026-07-27 14:42,Email / Outlook,Medium,M. Okafor,4,70.0
HD-0077,2026-07-12 19:16,2026-07-16 15:43,Password Reset,Low,D. Kim,3,208.0
HD-0078,2026-06-23 15:33,2026-06-24 11:50,Phishing / Malware,High,J. Chen,3,44.9
HD-0079,2026-07-23 10:20,2026-07-24 03:35,VPN / Network,High,M. Okafor,4,24.4
HD-0080,2026-08-10 01:29,2026-08-13 15:45,VPN / Network,Low,M. Okafor,2,67.6
HD-0081,2026-08-09 14:26,2026-08-11 22:15,Password Reset,Low,M. Okafor,2,166.4
HD-0082,2026-08-10 04:59,,Email / Outlook,Medium,D. Kim,,68.5
HD-0083,2026-08-20 19:51,2026-08-21 01:42,Software Install,High,M. Okafor,4,29.3
HD-0084,2026-06-16 20:53,2026-06-18 07:21,Hardware,Medium,D. Kim,4,49.2
HD-0085,2026-07-02 14:35,2026-07-05 02:10,Hardware,Medium,L. Tremblay,3,70.8
HD-0086,2026-07-24 10:59,2026-07-25 02:34,Email / Outlook,High,M. Okafor,4,35.4
HD-0087,2026-07-28 17:30,2026-08-01 08:06,Printer,Low,L. Tremblay,3,118.6
HD-0088,2026-06-30 13:02,2026-07-01 12:48,Printer,High,D. Kim,4,42.0
HD-0089,2026-06-05 04:32,2026-06-05 08:50,Printer,High,S. Patel,5,13.5
HD-0090,2026-08-23 04:04,2026-08-23 21:03,Phishing / Malware,High,M. Okafor,4,21.8
HD-0091,2026-08-08 12:20,2026-08-09 06:01,Phishing / Malware,High,A. Sharma,4,31.6
HD-0092,2026-06-12 13:06,,VPN / Network,Medium,D. Kim,,49.9
HD-0093,2026-07-12 01:18,2026-07-13 12:34,Printer,Medium,J. Chen,4,44.4
HD-0094,2026-06-11 19:55,2026-06-12 20:07,Access Request,Medium,J. Chen,4,69.8
HD-0095,2026-06-02 14:57,2026-06-04 14:27,Email / Outlook,Medium,J. Chen,3,27.4
HD-0096,2026-07-25 22:16,2026-07-26 04:23,Phishing / Malware,High,J. Chen,5,45.0
HD-0097,2026-08-13 09:44,,Email / Outlook,Low,D. Kim,,122.2
HD-0098,2026-06-07 19:47,2026-06-08 15:49,Phishing / Malware,High,M. Okafor,4,37.2
HD-0099,2026-08-19 08:43,2026-08-20 20:36,Hardware,Medium,D. Kim,5,84.6
HD-0100,2026-06-17 02:58,2026-06-19 17:48,Email / Outlook,Low,S. Patel,3,79.2
HD-0101,2026-07-05 05:16,2026-07-05 06:50,Phishing / Malware,Critical,M. Okafor,4,11.7
HD-0102,2026-06-29 21:46,2026-06-29 23:15,Access Request,Critical,L. Tremblay,5,6.8
HD-0103,2026-07-18 21:47,2026-07-19 15:08,Email / Outlook,Medium,D. Kim,3,114.0
HD-0104,2026-08-11 10:58,2026-08-12 07:03,Software Install,Medium,D. Kim,,102.4
HD-0105,2026-06-06 01:19,2026-06-08 09:58,Phishing / Malware,Low,J. Chen,4,218.0
HD-0106,2026-06-20 13:41,2026-06-20 18:20,VPN / Network,High,L. Tremblay,5,24.3
HD-0107,2026-07-27 07:54,2026-07-30 06:19,Printer,Low,D. Kim,2,116.6
HD-0108,2026-06-25 03:54,2026-06-26 05:26,Phishing / Malware,Low,J. Chen,4,170.1
HD-0109,2026-06-17 18:13,2026-06-18 15:36,VPN / Network,High,L. Tremblay,4,17.3
HD-0110,2026-08-16 00:17,2026-08-16 06:18,Hardware,Critical,L. Tremblay,4,5.3
HD-0111,2026-07-16 07:37,2026-07-18 21:29,Printer,Low,M. Okafor,2,55.2
HD-0112,2026-07-17 16:37,,VPN / Network,Medium,J. Chen,,114.5
HD-0113,2026-08-06 09:29,2026-08-07 17:15,Password Reset,Low,S. Patel,,210.2
HD-0114,2026-06-11 10:38,2026-06-15 20:01,Hardware,Low,M. Okafor,3,166.7
HD-0115,2026-08-07 09:29,2026-08-12 11:33,Access Request,Low,D. Kim,4,67.3
HD-0116,2026-06-28 13:28,2026-06-29 09:58,Software Install,Medium,S. Patel,4,59.9
HD-0117,2026-07-18 04:43,2026-07-21 09:54,Phishing / Malware,Low,A. Sharma,3,63.2
HD-0118,2026-08-15 17:35,2026-08-17 07:35,Printer,Medium,S. Patel,2,55.4
HD-0119,2026-08-16 09:22,2026-08-18 03:15,VPN / Network,Medium,J. Chen,3,35.5
HD-0120,2026-07-18 03:48,2026-07-19 20:32,Email / Outlook,Medium,S. Patel,4,104.5
HD-0121,2026-08-11 00:38,2026-08-13 01:06,Email / Outlook,Low,M. Okafor,2,182.0
HD-0122,2026-06-19 18:42,,Access Request,Low,D. Kim,,168.5
HD-0123,2026-08-07 06:24,2026-08-09 13:06,Access Request,Medium,J. Chen,4,57.0
HD-0124,2026-06-07 04:10,2026-06-08 12:26,Password Reset,Medium,M. Okafor,4,64.3
HD-0125,2026-08-05 03:22,2026-08-09 08:12,Access Request,Low,D. Kim,2,177.3
HD-0126,2026-08-16 01:00,2026-08-17 21:50,Software Install,Low,J. Chen,,194.6
HD-0127,2026-07-26 05:08,2026-07-28 13:28,Access Request,Medium,J. Chen,2,70.0
HD-0128,2026-06-06 13:01,2026-06-06 17:33,Phishing / Malware,Critical,M. Okafor,5,9.5
HD-0129,2026-07-22 00:20,2026-07-22 16:03,Hardware,High,L. Tremblay,4,26.1
HD-0130,2026-07-02 13:37,2026-07-03 13:13,Access Request,Medium,S. Patel,,107.1
HD-0131,2026-08-21 03:33,2026-08-21 20:27,Software Install,High,M. Okafor,4,22.3
HD-0132,2026-06-19 08:12,2026-06-21 06:33,Hardware,Medium,D. Kim,3,27.5
HD-0133,2026-08-14 14:43,2026-08-15 04:05,Printer,High,D. Kim,4,21.1
HD-0134,2026-08-15 01:22,2026-08-16 22:02,VPN / Network,Low,S. Patel,2,52.3
HD-0135,2026-08-04 12:29,2026-08-05 15:30,Password Reset,Medium,L. Tremblay,4,85.2
HD-0136,2026-07-28 03:51,2026-07-28 06:05,Printer,Critical,A. Sharma,5,8.6
HD-0137,2026-08-07 16:39,2026-08-09 17:52,Hardware,Medium,M. Okafor,2,58.7
HD-0138,2026-08-22 10:04,2026-08-25 23:22,Printer,Low,D. Kim,4,120.4
HD-0139,2026-07-13 02:37,2026-07-13 19:11,Hardware,High,M. Okafor,5,43.9
HD-0140,2026-06-11 09:35,2026-06-13 19:12,Access Request,Medium,M. Okafor,,101.3
HD-0141,2026-07-25 16:23,2026-07-27 07:01,Password Reset,Medium,J. Chen,3,115.1
HD-0142,2026-06-18 04:04,2026-06-18 22:50,Email / Outlook,High,A. Sharma,,27.8
HD-0143,2026-07-14 19:08,2026-07-19 14:17,Access Request,Low,J. Chen,3,207.1
HD-0144,2026-06-06 13:23,2026-06-06 16:37,Software Install,Critical,L. Tremblay,5,5.7
HD-0145,2026-07-31 06:23,2026-08-01 07:07,Phishing / Malware,Medium,M. Okafor,4,97.8
HD-0146,2026-08-17 04:55,2026-08-18 12:18,Email / Outlook,Low,S. Patel,5,215.5
HD-0147,2026-07-07 02:48,2026-07-12 11:47,Hardware,Low,L. Tremblay,3,73.7
HD-0148,2026-07-15 00:26,2026-07-15 23:25,Password Reset,Medium,M. Okafor,3,43.6
HD-0149,2026-06-13 22:41,2026-06-14 12:07,Printer,High,J. Chen,4,11.3
HD-0150,2026-07-31 14:39,2026-08-01 05:37,Password Reset,High,A. Sharma,5,19.0
HD-0151,2026-06-15 09:15,2026-06-17 18:09,Email / Outlook,Low,J. Chen,2,126.9
HD-0152,2026-08-03 19:34,2026-08-04 20:44,Password Reset,Medium,L. Tremblay,5,44.2
HD-0153,2026-08-13 13:11,2026-08-14 17:28,VPN / Network,Medium,M. Okafor,5,26.8
HD-0154,2026-07-20 15:02,2026-07-20 16:54,Access Request,Critical,M. Okafor,5,11.7
HD-0155,2026-08-20 03:49,2026-08-21 16:25,Printer,Low,M. Okafor,3,151.5
HD-0156,2026-08-01 20:11,2026-08-06 13:31,Hardware,Low,S. Patel,2,52.2
HD-0157,2026-07-10 16:25,2026-07-14 00:38,Phishing / Malware,Low,D. Kim,3,82.3
HD-0158,2026-07-18 13:56,2026-07-19 14:54,Access Request,High,S. Patel,4,21.9
HD-0159,2026-08-06 08:51,2026-08-06 16:27,VPN / Network,High,A. Sharma,5,25.1
HD-0160,2026-06-11 10:42,2026-06-13 18:39,Email / Outlook,Low,L. Tremblay,,184.9
HD-0161,2026-07-16 19:27,2026-07-17 17:58,Email / Outlook,Medium,A. Sharma,4,27.5
HD-0162,2026-06-19 19:43,2026-06-21 21:47,Phishing / Malware,Low,A. Sharma,,91.0
HD-0163,2026-06-20 21:28,2026-06-21 21:23,Printer,Medium,A. Sharma,4,77.4
HD-0164,2026-06-15 00:47,2026-06-17 07:22,Hardware,Medium,S. Patel,3,111.4
HD-0165,2026-08-18 09:44,2026-08-22 02:26,Phishing / Malware,Low,J. Chen,3,211.3
HD-0166,2026-07-11 21:22,2026-07-13 09:50,VPN / Network,Medium,M. Okafor,3,109.1
HD-0167,2026-08-05 07:07,,Software Install,High,J. Chen,,37.7
HD-0168,2026-08-10 18:23,2026-08-10 23:41,Phishing / Malware,High,L. Tremblay,5,14.5
HD-0169,2026-08-01 16:26,2026-08-02 00:06,Access Request,High,A. Sharma,5,14.4
HD-0170,2026-07-15 04:56,2026-07-15 12:05,Hardware,High,J. Chen,4,25.1
HD-0171,2026-07-09 05:10,2026-07-09 10:38,Printer,Critical,J. Chen,4,6.5
HD-0172,2026-08-21 17:17,2026-08-22 13:55,Hardware,Medium,L. Tremblay,5,73.3
HD-0173,2026-08-19 23:57,2026-08-20 05:34,Printer,High,L. Tremblay,5,11.4
HD-0174,2026-06-27 18:26,2026-06-28 14:31,Password Reset,Medium,D. Kim,4,74.6
HD-0175,2026-07-22 09:29,2026-07-23 01:38,VPN / Network,Medium,J. Chen,5,64.0
HD-0176,2026-07-11 23:55,2026-07-12 01:26,Printer,Critical,J. Chen,5,11.9
HD-0177,2026-07-05 14:15,2026-07-08 17:59,Hardware,Low,M. Okafor,3,229.4
HD-0178,2026-08-13 23:20,2026-08-14 20:54,Software Install,High,S. Patel,,44.9
HD-0179,2026-07-21 16:29,2026-07-24 11:30,Software Install,Low,M. Okafor,3,54.5
HD-0180,2026-06-02 03:27,2026-06-02 10:19,Hardware,High,D. Kim,4,22.8
HD-0181,2026-06-25 11:35,2026-06-28 23:00,Email / Outlook,Low,L. Tremblay,4,132.8
HD-0182,2026-06-16 04:06,2026-06-16 23:22,Access Request,Medium,M. Okafor,5,75.8
HD-0183,2026-08-04 01:02,2026-08-05 11:45,Password Reset,Low,M. Okafor,5,201.8
HD-0184,2026-08-18 10:10,2026-08-18 15:07,Access Request,Critical,D. Kim,5,13.0
HD-0185,2026-08-12 09:30,2026-08-13 05:48,Password Reset,Medium,D. Kim,3,31.0
HD-0186,2026-07-04 20:50,2026-07-05 15:15,Software Install,High,L. Tremblay,4,26.8
HD-0187,2026-07-02 01:36,2026-07-05 03:18,VPN / Network,Low,S. Patel,3,106.2
HD-0188,2026-08-18 15:55,2026-08-19 09:09,Password Reset,High,L. Tremblay,5,17.3
HD-0189,2026-06-23 14:58,2026-06-25 00:41,Printer,Medium,D. Kim,4,97.2
HD-0190,2026-06-25 07:17,2026-06-28 08:58,Email / Outlook,Low,M. Okafor,3,195.4
HD-0191,2026-07-15 17:59,2026-07-19 16:33,Email / Outlook,Low,L. Tremblay,3,176.9
HD-0192,2026-06-19 09:02,2026-06-19 11:18,Email / Outlook,Critical,A. Sharma,5,6.5
HD-0193,2026-08-08 08:59,2026-08-09 12:38,Email / Outlook,Low,L. Tremblay,5,189.5
HD-0194,2026-06-30 01:06,2026-07-01 11:13,Access Request,Low,S. Patel,5,64.6
HD-0195,2026-06-21 13:41,2026-06-22 09:05,Phishing / Malware,Medium,J. Chen,3,95.6
HD-0196,2026-06-12 20:36,,Software Install,Medium,D. Kim,,105.0
HD-0197,2026-06-23 13:56,2026-06-23 18:48,Hardware,Critical,A. Sharma,5,15.0
HD-0198,2026-06-02 09:36,2026-06-02 13:18,VPN / Network,Critical,M. Okafor,5,5.7
HD-0199,2026-06-18 16:29,2026-06-21 15:09,Email / Outlook,Low,A. Sharma,,109.5
HD-0200,2026-07-14 09:36,2026-07-16 22:42,Software Install,Low,D. Kim,2,219.9
HD-0201,2026-06-13 05:08,2026-06-15 13:17,Phishing / Malware,Low,J. Chen,3,46.3
HD-0202,2026-07-09 18:46,2026-07-11 03:16,Password Reset,Low,M. Okafor,4,180.1
HD-0203,2026-08-04 22:49,2026-08-06 07:24,Email / Outlook,Medium,D. Kim,4,111.6
HD-0204,2026-08-01 04:29,2026-08-02 20:33,Printer,Medium,L. Tremblay,3,111.3
HD-0205,2026-08-16 02:33,2026-08-16 13:01,Phishing / Malware,Medium,M. Okafor,5,27.8
HD-0206,2026-06-26 18:34,2026-07-01 04:25,Hardware,Low,L. Tremblay,,131.2
HD-0207,2026-08-05 14:51,2026-08-06 21:12,Password Reset,Medium,L. Tremblay,4,61.5
HD-0208,2026-07-21 08:52,2026-07-22 02:52,Password Reset,High,L. Tremblay,5,12.6
HD-0209,2026-06-09 15:02,2026-06-11 00:52,Email / Outlook,Medium,J. Chen,4,96.6
HD-0210,2026-07-19 14:55,2026-07-20 09:33,Access Request,Medium,D. Kim,,116.4
HD-0211,2026-08-08 12:33,2026-08-09 21:32,Hardware,High,J. Chen,4,39.2
HD-0212,2026-08-09 13:34,2026-08-10 00:26,Access Request,High,J. Chen,,26.1
HD-0213,2026-07-24 19:49,,Password Reset,Low,A. Sharma,,64.7
HD-0214,2026-08-16 21:45,2026-08-18 13:23,Password Reset,Low,A. Sharma,2,123.4
HD-0215,2026-07-08 07:52,2026-07-10 02:55,Printer,Medium,D. Kim,4,101.8
HD-0216,2026-07-09 08:03,,Hardware,Medium,S. Patel,,75.6
HD-0217,2026-07-15 20:42,2026-07-16 10:41,Access Request,High,M. Okafor,4,34.4
HD-0218,2026-07-31 07:54,2026-08-01 12:02,Software Install,Low,D. Kim,4,73.1
HD-0219,2026-08-11 16:08,2026-08-14 23:04,Access Request,Low,J. Chen,,109.4
HD-0220,2026-06-25 01:17,2026-06-27 09:32,Access Request,Medium,L. Tremblay,4,24.0
HD-0221,2026-08-11 06:30,2026-08-11 14:44,Software Install,High,M. Okafor,5,20.6
HD-0222,2026-06-16 23:48,2026-06-17 22:06,Phishing / Malware,High,D. Kim,5,31.2
HD-0223,2026-07-07 12:29,2026-07-08 19:34,Printer,Low,M. Okafor,4,145.0
HD-0224,2026-07-11 06:23,2026-07-11 15:01,Printer,Medium,L. Tremblay,5,106.4
HD-0225,2026-08-14 23:26,2026-08-16 17:07,Email / Outlook,Low,M. Okafor,4,89.9
HD-0226,2026-07-14 08:48,2026-07-14 13:27,Phishing / Malware,Critical,D. Kim,5,11.6
HD-0227,2026-08-09 15:11,2026-08-11 05:45,Password Reset,Medium,A. Sharma,3,114.5
HD-0228,2026-08-20 07:04,2026-08-24 08:56,Hardware,Low,L. Tremblay,4,133.9
HD-0229,2026-08-02 00:00,2026-08-04 14:29,Access Request,Low,L. Tremblay,4,185.8
HD-0230,2026-07-26 05:06,2026-07-27 21:42,VPN / Network,Medium,J. Chen,3,39.2
HD-0231,2026-06-11 11:25,2026-06-13 05:19,Phishing / Malware,Medium,D. Kim,,42.6
HD-0232,2026-07-19 12:35,2026-07-23 01:26,Phishing / Malware,Low,A. Sharma,3,182.1
HD-0233,2026-06-13 16:58,2026-06-14 20:19,Password Reset,Low,D. Kim,3,218.1
HD-0234,2026-07-06 17:36,2026-07-08 03:58,Password Reset,Low,M. Okafor,4,48.1
HD-0235,2026-07-09 05:36,2026-07-10 04:57,Software Install,Medium,S. Patel,4,87.7
HD-0236,2026-06-11 16:47,2026-06-14 12:21,Printer,Low,S. Patel,4,90.3
HD-0237,2026-07-21 10:01,2026-07-22 08:50,Email / Outlook,High,S. Patel,4,27.2
HD-0238,2026-08-14 21:24,2026-08-15 03:02,VPN / Network,High,M. Okafor,5,37.9
HD-0239,2026-08-21 04:47,2026-08-24 11:12,Access Request,Low,A. Sharma,,62.8
HD-0240,2026-06-12 05:27,,Phishing / Malware,Medium,L. Tremblay,,60.8
HD-0241,2026-07-16 17:05,2026-07-16 22:46,Printer,High,A. Sharma,5,20.2
HD-0242,2026-07-02 18:33,2026-07-04 09:21,Hardware,Medium,J. Chen,2,33.9
HD-0243,2026-07-06 13:19,2026-07-07 05:49,Phishing / Malware,High,M. Okafor,5,18.8
HD-0244,2026-07-29 03:08,2026-08-01 13:01,Email / Outlook,Low,S. Patel,3,109.8
HD-0245,2026-07-26 20:38,2026-07-29 13:54,Hardware,Low,L. Tremblay,3,229.7
HD-0246,2026-07-08 23:44,2026-07-09 04:39,Phishing / Malware,Critical,J. Chen,,6.2
HD-0247,2026-08-12 06:37,2026-08-14 22:37,Hardware,Medium,L. Tremblay,3,22.7
HD-0248,2026-07-08 22:04,2026-07-10 22:09,Access Request,Medium,J. Chen,3,83.3
HD-0249,2026-06-10 14:38,2026-06-12 02:18,Phishing / Malware,Medium,L. Tremblay,,70.7
HD-0250,2026-07-17 22:57,2026-07-20 21:32,VPN / Network,Low,J. Chen,2,173.2
HD-0251,2026-08-22 21:41,2026-08-22 23:09,Access Request,Critical,M. Okafor,5,14.6
HD-0252,2026-08-06 17:37,2026-08-08 05:14,Software Install,Medium,S. Patel,4,66.3
HD-0253,2026-06-04 15:06,2026-06-05 04:46,Email / Outlook,Medium,A. Sharma,4,31.6
HD-0254,2026-06-27 16:30,2026-06-28 03:11,Printer,Medium,S. Patel,4,92.2
HD-0255,2026-06-15 00:54,2026-06-16 14:31,Printer,Medium,D. Kim,4,100.0
HD-0256,2026-06-21 10:35,2026-06-21 13:17,Access Request,Critical,J. Chen,5,12.4
HD-0257,2026-08-18 06:28,2026-08-20 09:04,Access Request,Medium,D. Kim,2,41.5
HD-0258,2026-08-08 05:23,2026-08-10 19:22,Printer,Low,A. Sharma,3,96.2
HD-0259,2026-08-18 12:37,2026-08-21 15:26,VPN / Network,Low,S. Patel,3,165.4
HD-0260,2026-08-15 02:43,2026-08-19 10:12,Hardware,Low,J. Chen,4,104.5
HD-0261,2026-08-16 04:36,2026-08-18 03:56,Access Request,Medium,S. Patel,3,83.6
HD-0262,2026-08-02 09:08,2026-08-07 18:40,Hardware,Low,S. Patel,3,165.8
HD-0263,2026-07-20 17:32,2026-07-21 21:04,Phishing / Malware,Medium,S. Patel,3,61.6
HD-0264,2026-06-29 09:02,2026-07-02 14:29,Email / Outlook,Low,M. Okafor,3,77.8
HD-0265,2026-06-15 18:07,2026-06-16 13:19,Email / Outlook,High,M. Okafor,4,29.0
HD-0266,2026-07-25 03:47,2026-07-28 14:35,Software Install,Low,A. Sharma,3,132.7
HD-0267,2026-06-16 07:13,2026-06-16 14:00,Printer,High,L. Tremblay,5,32.1
HD-0268,2026-06-08 18:22,2026-06-09 13:56,Email / Outlook,Medium,J. Chen,4,52.4
HD-0269,2026-08-05 21:52,2026-08-09 12:17,VPN / Network,Low,S. Patel,3,224.2
HD-0270,2026-06-17 07:09,2026-06-17 23:47,Printer,High,D. Kim,4,23.7
HD-0271,2026-06-10 20:50,2026-06-11 19:35,VPN / Network,Medium,D. Kim,4,47.8
HD-0272,2026-06-01 23:05,2026-06-03 04:27,Phishing / Malware,Medium,D. Kim,4,55.8
HD-0273,2026-06-28 15:17,2026-06-29 12:19,Printer,High,M. Okafor,4,29.2
HD-0274,2026-06-07 01:06,,Phishing / Malware,Low,J. Chen,,131.1
HD-0275,2026-07-25 06:44,2026-07-25 20:00,Hardware,High,M. Okafor,4,15.6
HD-0276,2026-07-18 21:57,2026-07-21 07:09,Hardware,Low,D. Kim,2,104.6
HD-0277,2026-06-01 06:30,2026-06-02 07:04,VPN / Network,Low,J. Chen,4,146.3
HD-0278,2026-07-25 22:08,2026-07-27 05:33,Phishing / Malware,Low,S. Patel,4,62.4
HD-0279,2026-06-18 12:49,2026-06-19 00:29,Hardware,Medium,D. Kim,5,34.3
HD-0280,2026-06-28 20:47,2026-06-29 04:48,Hardware,High,L. Tremblay,4,34.0
HD-0281,2026-06-16 18:46,2026-06-17 21:28,Access Request,Medium,S. Patel,3,51.5
HD-0282,2026-08-16 19:46,2026-08-17 17:16,Email / Outlook,High,D. Kim,4,10.9
HD-0283,2026-08-05 06:47,2026-08-07 16:30,Access Request,Low,A. Sharma,,197.8
HD-0284,2026-08-03 20:38,2026-08-04 09:54,VPN / Network,Medium,A. Sharma,5,118.7
HD-0285,2026-08-09 21:11,2026-08-09 23:29,Phishing / Malware,Critical,A. Sharma,4,2.2
HD-0286,2026-07-21 16:18,2026-07-23 13:59,Access Request,Medium,S. Patel,,28.2
HD-0287,2026-06-11 16:58,2026-06-11 21:08,Software Install,Critical,J. Chen,4,9.0
HD-0288,2026-07-26 23:54,2026-07-29 19:59,Software Install,Low,A. Sharma,2,225.3
HD-0289,2026-06-23 03:00,2026-06-23 23:04,Hardware,High,J. Chen,4,27.4
HD-0290,2026-06-17 23:49,,Email / Outlook,High,A. Sharma,,37.0
HD-0291,2026-07-25 08:33,2026-07-27 21:19,VPN / Network,Low,L. Tremblay,2,167.4
HD-0292,2026-08-12 05:23,2026-08-14 02:36,Hardware,Low,A. Sharma,,219.4
HD-0293,2026-06-02 07:02,2026-06-02 16:26,Phishing / Malware,Medium,J. Chen,5,37.9
HD-0294,2026-07-02 13:58,2026-07-05 14:26,Printer,Low,A. Sharma,2,156.4
HD-0295,2026-08-06 01:25,2026-08-06 07:08,VPN / Network,High,M. Okafor,,37.1
HD-0296,2026-06-26 09:36,2026-06-26 23:28,Email / Outlook,High,J. Chen,4,26.2
HD-0297,2026-08-09 07:09,2026-08-09 12:20,Password Reset,Critical,A. Sharma,4,5.0
HD-0298,2026-06-01 21:24,2026-06-05 18:36,Email / Outlook,Low,L. Tremblay,3,236.7
HD-0299,2026-06-12 01:58,2026-06-12 15:08,Software Install,High,L. Tremblay,3,24.5
HD-0300,2026-08-04 04:40,2026-08-06 03:26,Access Request,Low,L. Tremblay,3,57.1
HD-0301,2026-07-11 12:44,2026-07-12 22:32,Printer,Low,M. Okafor,,90.6
HD-0302,2026-06-14 05:28,2026-06-15 20:24,Phishing / Malware,Low,A. Sharma,3,149.5
HD-0303,2026-06-16 02:10,2026-06-16 23:17,Email / Outlook,High,D. Kim,,31.1
HD-0304,2026-07-02 11:25,2026-07-04 09:30,Password Reset,Medium,M. Okafor,3,102.0
HD-0305,2026-08-10 07:06,2026-08-13 15:19,Phishing / Malware,Low,J. Chen,3,68.7
HD-0306,2026-07-22 11:43,2026-07-24 11:36,VPN / Network,Medium,M. Okafor,3,111.7
HD-0307,2026-07-27 04:05,2026-07-29 11:16,Printer,Low,S. Patel,3,54.9
HD-0308,2026-07-19 21:27,2026-07-20 16:58,Hardware,Medium,J. Chen,5,47.5
HD-0309,2026-07-02 20:18,2026-07-03 19:37,Phishing / Malware,Medium,L. Tremblay,4,67.9
HD-0310,2026-08-07 07:40,2026-08-07 11:05,Password Reset,Critical,D. Kim,5,6.7
HD-0311,2026-07-20 08:11,2026-07-22 04:24,Password Reset,Low,J. Chen,3,50.7
HD-0312,2026-08-14 07:10,2026-08-18 01:12,VPN / Network,Low,J. Chen,2,97.0
HD-0313,2026-06-29 18:54,2026-07-02 03:14,Access Request,Medium,J. Chen,3,37.6
HD-0314,2026-06-04 22:44,2026-06-05 03:55,Printer,Critical,L. Tremblay,5,3.8
HD-0315,2026-06-23 15:02,2026-06-24 15:04,VPN / Network,Low,L. Tremblay,5,87.7
HD-0316,2026-06-17 10:45,2026-06-18 12:04,Hardware,High,M. Okafor,4,12.1
HD-0317,2026-08-07 11:04,2026-08-07 21:06,Printer,High,D. Kim,5,23.8
HD-0318,2026-07-26 20:31,2026-07-30 05:10,Printer,Low,L. Tremblay,3,180.2
HD-0319,2026-06-23 12:19,2026-06-26 05:33,Email / Outlook,Low,D. Kim,,45.4
HD-0320,2026-08-17 10:58,2026-08-19 00:46,Software Install,Medium,A. Sharma,3,113.7
HD-0321,2026-07-11 05:40,2026-07-11 18:35,VPN / Network,High,D. Kim,4,32.4
HD-0322,2026-06-09 11:16,2026-06-10 10:38,VPN / Network,High,A. Sharma,4,23.5
HD-0323,2026-07-19 11:34,2026-07-24 01:35,Access Request,Low,S. Patel,3,198.8
HD-0324,2026-06-10 01:18,2026-06-12 04:19,Password Reset,Low,A. Sharma,2,59.5
HD-0325,2026-06-12 10:38,2026-06-13 08:25,Phishing / Malware,High,S. Patel,,43.0
HD-0326,2026-07-13 06:12,2026-07-15 06:23,Access Request,Medium,D. Kim,3,112.6
HD-0327,2026-06-07 12:36,2026-06-10 23:55,Phishing / Malware,Low,M. Okafor,4,45.7
HD-0328,2026-06-13 00:13,2026-06-15 07:22,Hardware,Medium,A. Sharma,3,67.4
HD-0329,2026-07-04 02:41,2026-07-06 14:49,Access Request,Low,S. Patel,3,117.0
HD-0330,2026-07-05 18:03,2026-07-06 22:16,Hardware,High,D. Kim,4,13.4
HD-0331,2026-08-15 07:35,2026-08-16 04:55,Password Reset,High,L. Tremblay,4,24.7
HD-0332,2026-07-01 15:19,2026-07-02 19:59,VPN / Network,Medium,D. Kim,5,23.5
HD-0333,2026-08-19 04:07,2026-08-20 13:12,Phishing / Malware,Low,J. Chen,,234.6
HD-0334,2026-07-26 06:52,2026-07-27 11:04,Hardware,High,M. Okafor,3,21.2
HD-0335,2026-07-21 17:20,2026-07-22 22:14,Email / Outlook,Medium,A. Sharma,,98.7
HD-0336,2026-06-20 04:36,2026-06-20 09:56,VPN / Network,Critical,L. Tremblay,5,12.1
HD-0337,2026-07-04 12:41,2026-07-05 02:26,Phishing / Malware,Medium,S. Patel,5,23.7
HD-0338,2026-07-22 01:25,2026-07-23 21:17,Printer,Medium,A. Sharma,2,94.6
HD-0339,2026-07-09 09:17,2026-07-09 15:58,Phishing / Malware,High,D. Kim,5,13.4
HD-0340,2026-07-12 08:46,2026-07-14 18:06,Access Request,Medium,A. Sharma,3,38.8
HD-0341,2026-07-18 01:32,2026-07-23 00:56,Hardware,Low,D. Kim,,143.8
HD-0342,2026-06-25 06:53,2026-06-26 21:13,Password Reset,Low,S. Patel,3,54.9
HD-0343,2026-08-04 12:40,2026-08-05 03:46,VPN / Network,Medium,J. Chen,4,57.2
HD-0344,2026-07-15 11:10,,Email / Outlook,High,D. Kim,,13.2
HD-0345,2026-06-07 05:54,2026-06-07 22:55,Software Install,High,D. Kim,,17.9
HD-0346,2026-06-02 15:58,2026-06-04 13:14,Hardware,Medium,L. Tremblay,3,100.1
HD-0347,2026-08-22 08:27,2026-08-23 09:00,Access Request,High,S. Patel,5,18.8
HD-0348,2026-06-14 00:32,2026-06-14 12:51,Printer,Medium,L. Tremblay,3,80.9
HD-0349,2026-07-06 20:20,2026-07-08 09:53,Email / Outlook,Low,D. Kim,4,230.7
HD-0350,2026-06-08 19:25,2026-06-09 15:14,Printer,Medium,D. Kim,4,22.5
HD-0351,2026-06-05 18:45,2026-06-09 03:15,Software Install,Low,D. Kim,3,88.4
HD-0352,2026-06-22 21:56,2026-06-27 17:00,Hardware,Low,S. Patel,3,69.9
HD-0353,2026-07-13 20:05,2026-07-15 15:33,Software Install,Medium,D. Kim,3,107.1
HD-0354,2026-07-08 14:54,2026-07-09 01:44,VPN / Network,Medium,D. Kim,5,78.4
HD-0355,2026-07-19 16:19,2026-07-22 19:09,Access Request,Low,J. Chen,4,71.8
HD-0356,2026-07-29 04:20,2026-07-29 18:42,Hardware,High,S. Patel,,21.6
HD-0357,2026-07-06 06:48,2026-07-06 22:55,Hardware,Medium,J. Chen,5,69.0
HD-0358,2026-07-25 12:27,2026-07-27 10:27,Phishing / Malware,Medium,A. Sharma,3,73.4
HD-0359,2026-08-07 06:01,2026-08-08 02:30,Password Reset,Medium,J. Chen,3,42.6
HD-0360,2026-08-15 09:10,2026-08-15 23:34,VPN / Network,High,M. Okafor,5,43.2
HD-0361,2026-06-18 10:57,2026-06-20 03:25,Phishing / Malware,Medium,J. Chen,2,36.5
HD-0362,2026-06-17 06:46,2026-06-18 22:27,Password Reset,Medium,J. Chen,3,32.3
HD-0363,2026-07-03 17:39,2026-07-04 02:26,Password Reset,Medium,A. Sharma,4,86.2
HD-0364,2026-07-19 03:35,2026-07-19 11:57,Email / Outlook,Medium,J. Chen,5,40.5
HD-0365,2026-08-06 08:39,2026-08-07 11:40,Hardware,Medium,A. Sharma,3,71.2
HD-0366,2026-08-17 06:49,2026-08-17 14:01,Email / Outlook,High,J. Chen,5,22.5
HD-0367,2026-06-27 22:59,2026-06-29 06:56,Phishing / Malware,Low,A. Sharma,5,47.5
HD-0368,2026-06-20 02:49,2026-06-20 15:57,VPN / Network,High,A. Sharma,4,41.7
HD-0369,2026-06-07 03:52,2026-06-07 21:23,Hardware,High,M. Okafor,,22.6
HD-0370,2026-06-06 00:54,2026-06-08 17:35,Hardware,Medium,J. Chen,3,52.9
HD-0371,2026-06-12 11:52,2026-06-16 00:02,Printer,Low,S. Patel,3,123.0
HD-0372,2026-08-23 05:07,2026-08-23 22:07,Hardware,Medium,A. Sharma,5,118.2
HD-0373,2026-08-12 21:28,2026-08-15 09:56,Hardware,Medium,M. Okafor,3,81.1
HD-0374,2026-08-02 03:56,2026-08-04 06:35,Access Request,Medium,A. Sharma,4,46.2
HD-0375,2026-08-13 23:36,2026-08-14 04:02,Software Install,Critical,D. Kim,,13.4
HD-0376,2026-07-02 15:22,2026-07-04 02:08,Access Request,Low,L. Tremblay,4,219.0
HD-0377,2026-07-31 15:55,2026-08-03 05:33,Hardware,Low,S. Patel,4,107.5
HD-0378,2026-08-22 12:25,2026-08-26 02:05,Software Install,Low,S. Patel,3,201.2
HD-0379,2026-08-03 23:41,2026-08-07 11:08,Password Reset,Low,S. Patel,4,52.0
HD-0380,2026-08-21 09:56,2026-08-21 20:06,Software Install,Medium,S. Patel,5,115.0
HD-0381,2026-07-13 17:49,2026-07-14 13:00,Phishing / Malware,High,M. Okafor,,35.1
HD-0382,2026-07-16 20:51,,Email / Outlook,Medium,M. Okafor,,90.2
HD-0383,2026-06-22 15:08,2026-06-27 14:38,Access Request,Low,L. Tremblay,3,83.2
HD-0384,2026-06-25 22:21,2026-06-26 14:07,VPN / Network,High,A. Sharma,4,42.4
HD-0385,2026-08-15 16:08,2026-08-19 04:31,Phishing / Malware,Low,D. Kim,3,54.5
HD-0386,2026-06-23 22:37,2026-06-24 21:11,Hardware,High,J. Chen,4,13.6
HD-0387,2026-07-20 13:38,2026-07-21 23:14,Software Install,Low,M. Okafor,4,234.2
HD-0388,2026-08-05 09:53,2026-08-06 02:22,Printer,High,L. Tremblay,4,32.1
HD-0389,2026-06-17 22:41,2026-06-20 04:29,Hardware,Medium,D. Kim,4,83.7
HD-0390,2026-08-13 21:45,2026-08-16 06:12,Access Request,Medium,L. Tremblay,,48.6
HD-0391,2026-07-19 04:03,2026-07-20 14:35,Password Reset,Low,J. Chen,3,236.8
HD-0392,2026-07-08 06:48,2026-07-09 20:22,Password Reset,Medium,S. Patel,3,30.2
HD-0393,2026-08-11 12:15,2026-08-13 10:31,Email / Outlook,Medium,A. Sharma,3,112.6
HD-0394,2026-06-07 00:47,2026-06-10 03:30,Email / Outlook,Low,S. Patel,3,206.8
HD-0395,2026-08-09 23:38,2026-08-10 17:17,Software Install,High,J. Chen,4,20.3
HD-0396,2026-08-05 03:24,2026-08-06 21:14,Password Reset,Medium,L. Tremblay,2,46.4
HD-0397,2026-06-20 01:09,2026-06-21 04:46,Printer,Medium,D. Kim,5,81.6
HD-0398,2026-06-10 22:20,2026-06-11 01:24,Software Install,Critical,L. Tremblay,5,2.9
HD-0399,2026-07-15 07:56,2026-07-16 22:02,Software Install,Medium,M. Okafor,4,56.1
HD-0400,2026-08-11 20:00,2026-08-13 16:44,VPN / Network,Medium,S. Patel,3,44.0
HD-0401,2026-07-12 12:58,,VPN / Network,Medium,L. Tremblay,,92.4
HD-0402,2026-08-06 11:32,2026-08-07 16:05,Phishing / Malware,Medium,M. Okafor,3,109.8
HD-0403,2026-08-08 17:00,2026-08-10 23:32,VPN / Network,Low,D. Kim,2,195.8
HD-0404,2026-07-26 20:52,2026-07-27 01:37,VPN / Network,High,J. Chen,,10.8
HD-0405,2026-07-03 17:04,2026-07-04 05:43,Software Install,High,S. Patel,3,23.6
HD-0406,2026-06-16 17:00,2026-06-17 04:09,VPN / Network,High,L. Tremblay,,11.6
HD-0407,2026-07-09 19:05,2026-07-09 23:41,Email / Outlook,High,S. Patel,5,23.3
HD-0408,2026-06-18 23:25,2026-06-19 05:14,Email / Outlook,Critical,J. Chen,5,5.9
HD-0409,2026-06-02 17:55,2026-06-06 10:42,Hardware,Low,A. Sharma,2,156.7
HD-0410,2026-07-15 06:26,2026-07-17 03:35,Hardware,Low,J. Chen,4,165.3
HD-0411,2026-08-10 14:41,2026-08-13 08:29,VPN / Network,Low,A. Sharma,3,93.9
HD-0412,2026-08-23 07:06,2026-08-24 15:45,Email / Outlook,Medium,J. Chen,4,51.8
HD-0413,2026-06-20 18:36,2026-06-21 14:18,Printer,High,S. Patel,4,15.9
HD-0414,2026-07-17 04:43,2026-07-17 18:27,Printer,High,S. Patel,3,25.6
HD-0415,2026-08-17 02:53,2026-08-17 21:33,Email / Outlook,High,J. Chen,3,41.2
HD-0416,2026-06-03 16:40,2026-06-04 14:47,Password Reset,High,L. Tremblay,5,24.2
HD-0417,2026-08-09 15:41,2026-08-12 02:53,Hardware,Medium,J. Chen,3,109.1
HD-0418,2026-08-05 02:25,2026-08-07 01:41,Printer,Medium,D. Kim,3,43.9
HD-0419,2026-06-18 14:10,2026-06-20 18:34,Hardware,Medium,L. Tremblay,3,85.9
HD-0420,2026-06-06 07:48,,Phishing / Malware,Low,M. Okafor,,117.0
HD-0421,2026-06-27 16:58,,Printer,Medium,S. Patel,,108.2
HD-0422,2026-08-23 10:06,2026-08-23 21:37,Email / Outlook,High,M. Okafor,5,30.3
HD-0423,2026-08-23 02:33,2026-08-24 21:15,Email / Outlook,Medium,J. Chen,3,71.6
HD-0424,2026-08-17 00:32,2026-08-17 23:34,Hardware,Medium,J. Chen,4,27.7
HD-0425,2026-08-17 22:52,2026-08-19 02:07,VPN / Network,Medium,S. Patel,4,101.1
HD-0426,2026-08-15 05:41,2026-08-17 04:51,Access Request,Low,A. Sharma,,69.9
HD-0427,2026-08-13 04:03,2026-08-18 15:20,Hardware,Low,J. Chen,2,145.7
HD-0428,2026-07-07 02:13,2026-07-08 19:25,Phishing / Malware,Medium,S. Patel,4,106.7
HD-0429,2026-08-14 05:39,2026-08-17 00:10,Email / Outlook,Low,D. Kim,3,111.8
HD-0430,2026-06-17 03:01,2026-06-18 11:14,Software Install,Medium,L. Tremblay,4,88.4
HD-0431,2026-08-18 19:02,2026-08-22 06:36,VPN / Network,Low,D. Kim,3,70.4
HD-0432,2026-07-18 01:44,2026-07-21 22:42,Access Request,Low,S. Patel,,199.0
HD-0433,2026-06-18 08:30,2026-06-18 20:40,Software Install,High,A. Sharma,,19.9
HD-0434,2026-06-01 18:33,2026-06-02 15:11,VPN / Network,Medium,S. Patel,,85.5
HD-0435,2026-07-25 20:37,2026-07-27 16:27,Email / Outlook,Low,L. Tremblay,3,127.6
HD-0436,2026-07-23 17:50,2026-07-25 15:54,Phishing / Malware,Low,L. Tremblay,3,153.2
HD-0437,2026-07-21 23:08,2026-07-22 05:08,VPN / Network,High,S. Patel,5,37.4
HD-0438,2026-07-14 17:39,2026-07-16 04:06,Password Reset,Low,D. Kim,5,46.0
HD-0439,2026-06-09 08:14,2026-06-11 13:04,Printer,Low,A. Sharma,4,186.3
HD-0440,2026-08-16 01:49,2026-08-18 17:08,Hardware,Medium,S. Patel,4,21.1
HD-0441,2026-06-05 19:32,2026-06-06 03:32,Software Install,Medium,D. Kim,,23.6
HD-0442,2026-07-06 12:22,2026-07-07 03:24,Access Request,Medium,J. Chen,3,71.8
HD-0443,2026-08-11 18:22,2026-08-11 21:38,Printer,Critical,M. Okafor,5,4.9
HD-0444,2026-07-04 05:26,2026-07-05 21:33,VPN / Network,Medium,L. Tremblay,3,49.4
HD-0445,2026-08-13 08:44,2026-08-13 11:25,Phishing / Malware,Critical,L. Tremblay,5,8.3
HD-0446,2026-08-15 00:30,2026-08-18 01:14,VPN / Network,Low,S. Patel,3,168.6
HD-0447,2026-07-23 11:33,2026-07-24 05:01,Password Reset,High,M. Okafor,,18.7
HD-0448,2026-06-23 15:20,2026-06-26 16:31,Printer,Low,L. Tremblay,3,97.5
HD-0449,2026-06-26 07:47,2026-06-27 04:30,Software Install,High,J. Chen,4,18.0
HD-0450,2026-06-14 03:58,,VPN / Network,Medium,D. Kim,,69.3
HD-0451,2026-08-09 01:54,2026-08-10 21:46,Phishing / Malware,Medium,M. Okafor,3,69.2
HD-0452,2026-08-05 08:25,2026-08-05 21:58,Software Install,High,J. Chen,,11.9
HD-0453,2026-07-15 12:55,2026-07-17 14:42,Hardware,Medium,A. Sharma,2,89.8
HD-0454,2026-07-19 18:06,2026-07-20 12:52,Printer,Medium,M. Okafor,5,38.7
HD-0455,2026-06-24 15:27,2026-06-25 17:28,Software Install,Medium,M. Okafor,5,56.5
HD-0456,2026-08-13 21:14,2026-08-14 05:09,VPN / Network,High,J. Chen,5,29.4
HD-0457,2026-06-02 05:26,2026-06-05 13:58,Phishing / Malware,Low,D. Kim,3,145.8
HD-0458,2026-08-12 01:25,2026-08-13 18:58,VPN / Network,Medium,A. Sharma,2,41.5
HD-0459,2026-07-13 08:23,2026-07-14 06:25,Printer,Medium,M. Okafor,5,54.4
HD-0460,2026-08-13 20:41,2026-08-14 01:29,Hardware,Critical,M. Okafor,5,6.6
HD-0461,2026-07-19 19:18,2026-07-21 16:26,Phishing / Malware,Medium,J. Chen,3,106.8
HD-0462,2026-08-13 12:54,2026-08-15 09:52,VPN / Network,Low,M. Okafor,3,89.5
HD-0463,2026-07-21 08:56,2026-07-21 21:56,Phishing / Malware,High,M. Okafor,4,36.2
HD-0464,2026-06-03 04:46,2026-06-03 19:26,Software Install,Medium,D. Kim,,90.1
HD-0465,2026-07-31 17:03,2026-08-01 02:17,Password Reset,High,L. Tremblay,,36.8
HD-0466,2026-07-20 09:14,2026-07-21 06:00,Software Install,High,S. Patel,,31.9
HD-0467,2026-07-16 10:55,2026-07-17 00:19,Phishing / Malware,Medium,L. Tremblay,5,113.5
HD-0468,2026-08-16 14:40,2026-08-18 04:50,Access Request,Medium,D. Kim,3,73.4
HD-0469,2026-07-27 09:23,2026-07-31 23:25,Access Request,Low,M. Okafor,3,47.1
HD-0470,2026-07-31 17:00,2026-07-31 21:59,Phishing / Malware,Critical,S. Patel,5,5.9
HD-0471,2026-06-01 17:23,2026-06-03 05:58,Software Install,Medium,L. Tremblay,3,63.7
HD-0472,2026-06-29 08:05,2026-07-01 16:30,Access Request,Medium,L. Tremblay,3,96.5
HD-0473,2026-08-08 08:26,2026-08-08 21:32,Software Install,High,J. Chen,4,14.8
HD-0474,2026-08-19 15:12,,Printer,Low,A. Sharma,,234.1
HD-0475,2026-06-14 09:17,2026-06-14 15:17,Hardware,High,D. Kim,5,10.3
HD-0476,2026-07-10 15:23,2026-07-12 13:26,Phishing / Malware,Medium,A. Sharma,2,53.0
HD-0477,2026-07-21 02:34,2026-07-22 11:20,Phishing / Malware,Low,M. Okafor,4,204.4
HD-0478,2026-07-27 07:47,2026-07-31 06:29,Password Reset,Low,D. Kim,3,195.3
HD-0479,2026-07-10 10:10,2026-07-11 02:56,Password Reset,High,L. Tremblay,4,28.2
HD-0480,2026-06-07 21:13,2026-06-09 17:05,VPN / Network,Low,S. Patel,2,108.3
HD-0481,2026-07-02 00:02,2026-07-02 14:20,Phishing / Malware,Medium,J. Chen,3,57.1
HD-0482,2026-07-14 20:03,2026-07-15 09:04,Password Reset,Medium,J. Chen,4,90.1
HD-0483,2026-08-11 20:48,,Printer,High,S. Patel,,35.7
HD-0484,2026-07-19 11:46,2026-07-22 03:04,Hardware,Low,A. Sharma,3,139.6
HD-0485,2026-06-24 17:22,2026-06-25 14:34,Printer,High,M. Okafor,,40.4
HD-0486,2026-06-20 14:18,2026-06-21 13:27,Email / Outlook,Medium,S. Patel,4,20.1
HD-0487,2026-08-19 11:49,2026-08-21 15:42,Software Install,Low,A. Sharma,4,173.4
HD-0488,2026-08-10 04:39,2026-08-13 04:05,Email / Outlook,Low,D. Kim,2,107.8
HD-0489,2026-06-17 05:55,,Password Reset,Low,S. Patel,,82.4
HD-0490,2026-08-22 12:42,,Phishing / Malware,Medium,D. Kim,,79.0
HD-0491,2026-06-29 19:45,2026-07-03 07:39,VPN / Network,Low,J. Chen,3,172.9
HD-0492,2026-06-08 11:35,2026-06-09 07:59,Access Request,High,D. Kim,3,12.0
HD-0493,2026-06-10 06:33,2026-06-12 20:26,VPN / Network,Low,J. Chen,3,148.7
HD-0494,2026-06-23 17:47,2026-06-24 19:03,Access Request,High,D. Kim,4,30.2
HD-0495,2026-06-22 05:35,2026-06-23 17:35,Access Request,Medium,D. Kim,3,35.8
HD-0496,2026-08-10 10:54,2026-08-11 19:14,Printer,Medium,D. Kim,5,63.1
HD-0497,2026-07-19 17:59,2026-07-21 07:02,Email / Outlook,Medium,S. Patel,3,64.7
HD-0498,2026-08-06 04:56,2026-08-09 12:28,Email / Outlook,Low,J. Chen,3,86.9
HD-0499,2026-08-05 17:36,2026-08-08 16:12,Hardware,Low,S. Patel,4,114.4
HD-0500,2026-07-03 09:05,2026-07-05 16:41,Access Request,Medium,J. Chen,3,93.4
